State,config.model.branch_tau,config.model.input_to_synapse_routing,config.model.memory_tau_max,config.model.neuronio_spike_bias,config.model.neuronio_synapse_init,config.model.num_branch,config.model.num_memory,config.model.num_synapse_per_branch,config.training.batch_size,config.training.batches_per_epoch,config.training.burn_in_time,config.training.clip_norm,config.training.file_load_fraction,config.training.input_window_size,config.training.learning_rate,config.training.num_epochs,config.training.num_prefetch_batch,config.training.num_workers,config.training.optimizer,config.training.scheduler,config.training.select_rmse,config.training.train_script,config.training.warmup_steps,summary.eval_results.test_results.AUC,summary.eval_results.test_results.AUC @ 0.0025 FP,summary.eval_results.test_results.AUC @ 0.0100 FP,summary.eval_results.test_results.TP @ 0.0025 FP,summary.eval_results.test_results.TP @ 0.0100 FP,summary.eval_results.test_results.average_precision,summary.eval_results.test_results.soma_MAE,summary.eval_results.test_results.soma_RMSE,summary.eval_results.test_results.soma_explained_variance_percent,summary.eval_results.train_results.AUC,summary.eval_results.train_results.AUC @ 0.0025 FP,summary.eval_results.train_results.AUC @ 0.0100 FP,summary.eval_results.train_results.TP @ 0.0025 FP,summary.eval_results.train_results.TP @ 0.0100 FP,summary.eval_results.train_results.average_precision,summary.eval_results.train_results.soma_MAE,summary.eval_results.train_results.soma_RMSE,summary.eval_results.train_results.soma_explained_variance_percent,summary.eval_results.valid_results.AUC,summary.eval_results.valid_results.AUC @ 0.0025 FP,summary.eval_results.valid_results.AUC @ 0.0100 FP,summary.eval_results.valid_results.TP @ 0.0025 FP,summary.eval_results.valid_results.TP @ 0.0100 FP,summary.eval_results.valid_results.average_precision,summary.eval_results.valid_results.soma_MAE,summary.eval_results.valid_results.soma_RMSE,summary.eval_results.valid_results.soma_explained_variance_percent,summary.model_cost.bytes accessed,summary.model_cost.flops,summary.model_cost.total_params,summary.model_cost.total_trainable_params,summary.model_cost.transcendentals
finished,5,neuronio_routing,150,-5,0.5,45,5,100,8,10000,150,1,0.3,500,0.0005,35,100,10,adam,cosine,True,traning_script_neuronio.py,0,0.9817914330865002,0.12929711479435238,0.3626005217925108,0.2357274401473297,0.6005217925107428,0.05224368393767181,0.4349747934407696,0.7630661593003779,93.81042950568714,0.9809934882569906,0.0999974499553742,0.3068889455565473,0.1884482978452123,0.5311742955501721,0.05667212108622789,0.4687717433585186,0.9803463881901436,96.47247088984416,0.9822025924741982,0.11284344105061236,0.338896266784713,0.2107127047366091,0.5722296001180464,0.05641773530989368,0.4409993813341677,0.914184409465602,96.8523639547985,44104,14846,14082,5077,5
finished,5,neuronio_routing,150,-5,0.5,45,25,100,8,10000,150,1,0.3,500,0.0005,35,100,10,adam,cosine,True,traning_script_neuronio.py,0,0.9929585897128768,0.23118784530386735,0.5197498465316146,0.3861264579496624,0.7757826887661142,0.10776372143336684,0.3340361768821576,0.6197539153813632,95.93047692507348,0.991586763081066,0.190346583885359,0.4589094816209636,0.3233456585490246,0.705087339028433,0.11274236737982826,0.3567590154772892,0.7879216549417138,97.72541540782652,0.9922109842288211,0.21452265014018004,0.4906344990408735,0.3598937583001328,0.7422163199055629,0.11575856704871498,0.3343235342633912,0.7403884380647823,97.93979538830996,62056,23466,18402,9377,25
finished,5,neuronio_routing,150,-5,0.5,45,15,100,8,10000,150,1,0.3,500,0.0005,35,100,10,adam,cosine,True,traning_script_neuronio.py,0,0.9922981042829166,0.21119705340699813,0.4943769183548189,0.35543278084714547,0.7486187845303868,0.09663984466235746,0.34590247251253686,0.6410397167915751,95.64252426171808,0.9905595704715509,0.16989162310340433,0.42275149815121765,0.2938926431212546,0.6684941986484764,0.09896423427269552,0.3768058483138343,0.8161191558380348,97.55972088801266,0.9914956141536516,0.1903998819536669,0.45831783182046815,0.3237420687619891,0.7124096207761547,0.10015182123557496,0.3542172936184556,0.7661311192418973,97.79411904612472,51376,18356,15842,6827,15
finished,5,neuronio_routing,150,-5,0.5,45,7,100,8,10000,150,1,0.3,500,0.0005,35,100,10,adam,cosine,True,traning_script_neuronio.py,0,0.9860861547966072,0.13465316144874157,0.38574048496009816,0.24923265807243708,0.6316758747697975,0.056939844691219335,0.4053098479235136,0.7136323615946247,94.59531282186042,0.9852565175581522,0.11019762845849802,0.3300739512941477,0.206426112456968,0.5615198265969654,0.06327600847928709,0.4317662346649509,0.9052098395949728,96.99712620482,0.9859024820823884,0.1219271063892578,0.3595742954109488,0.22723919138261767,0.6026265309133835,0.062365638724503625,0.4088657350705716,0.8555687538401815,97.24818406126174,45304,15420,14370,5363,7
finished,5,neuronio_routing,150,-5,0.5,45,3,100,8,10000,150,1,0.3,500,0.0005,35,100,10,adam,cosine,True,traning_script_neuronio.py,0,0.9708403439188744,0.09960098219766728,0.2984683855125844,0.1832412523020258,0.5064456721915286,0.03825774382512514,0.5634290018558622,0.9374138254502478,90.68373114129167,0.968627968780446,0.07628713502486294,0.2354411577202601,0.14713757490756088,0.407624633431085,0.03867003359103966,0.6584077460436064,1.221744709020656,94.52407412870669,0.97044335350146,0.08500811568540652,0.26039840637450196,0.15847720230190349,0.450199203187251,0.03858540901200238,0.6221101032043995,1.1535714685246814,94.9906364219698,43032,14336,13826,4823,3
finished,5,neuronio_routing,150,-5,0.5,45,10,100,8,10000,150,1,0.3,500,0.0005,35,100,10,adam,cosine,True,traning_script_neuronio.py,0,0.9902115879260291,0.17462246777163906,0.440256292203806,0.3052486187845304,0.6926028238182934,0.07551113558384677,0.3770493749160732,0.685134813726538,95.02446493963204,0.9887585343404508,0.1386739767945939,0.3831461175570573,0.25270942241489225,0.6250159377789112,0.07957764815682189,0.4112449982793735,0.8658513779052376,97.25266983599688,0.9894511999281927,0.14993064777925336,0.4098435886085289,0.2707687767448724,0.6629777187546112,0.0766775577345529,0.38918457203833234,0.8170894038491765,97.49027938272604,47336,16401,14862,5852,10
finished,5,neuronio_routing,150,-5,0.5,45,2,100,8,10000,150,1,0.3,500,0.0005,35,100,10,adam,cosine,True,traning_script_neuronio.py,0,0.9508564203812134,0.10666666666666666,0.29826197053407,0.19904849600982197,0.49754450583179866,0.03843924566303289,0.6494785231270562,1.037664177644801,88.55901515707446,0.9575537457388076,0.07509991182333565,0.2147580201590725,0.1375749075608823,0.3712864975137065,0.0348336936458942,0.775904776570812,1.407536650868625,92.72821024750176,0.9582777422255702,0.08578722148443264,0.2434993359893758,0.1531651173085436,0.4093256603216763,0.035131528719213975,0.7331502117824593,1.321160595587901,93.42591970901172,42544,14105,13710,4708,2
finished,5,neuronio_routing,150,-5,0.5,45,20,100,8,10000,150,1,0.3,500,0.0005,35,100,10,adam,cosine,True,traning_script_neuronio.py,0,0.99291178798916,0.2267771639042357,0.5161379680785758,0.3758440761203192,0.7728667894413751,0.10571486768796808,0.3337495765437472,0.6235263178587285,95.89828998722663,0.9914152618421735,0.1876909345913553,0.45253410684686984,0.3196480938416422,0.697182200688512,0.11096568069089636,0.3587091868952112,0.7919996451496873,97.70363003299124,0.992242146926884,0.20864099158919877,0.48522576361221775,0.35089272539471744,0.7383798140770252,0.11217053169538548,0.3363692304956452,0.7410207893086532,97.93807387671538,56376,20711,17022,8002,20
finished,5,neuronio_routing,150,-5,0.5,45,35,100,8,10000,150,1,0.3,500,0.0005,35,100,10,adam,cosine,True,traning_script_neuronio.py,0,0.993334258942942,0.23983118477593612,0.5356315224063843,0.40239410681399634,0.7877532228360957,0.1128784311834658,0.3273047399547094,0.6111113488723603,96.04045155217294,0.9920556072995232,0.20103786816269287,0.47498406222108897,0.33992094861660077,0.7252326915721025,0.11892914760715814,0.35132521534093686,0.7742582233508469,97.80270092047904,0.9926219704176878,0.2205105503910285,0.503054448871182,0.36712409620776154,0.7529880478087649,0.1184689868967042,0.33055645353991525,0.7332399105563796,97.9782913485918,75832,30176,21762,12727,35
finished,5,neuronio_routing,150,-5,0.5,45,50,100,8,10000,150,1,0.3,500,0.0005,35,100,10,adam,cosine,True,traning_script_neuronio.py,0,0.9936076267769944,0.24620319214241868,0.5426711172498465,0.4062308164518109,0.795426642111725,0.11569395332499768,0.32273121935064514,0.6019885780222912,96.15477145844854,0.9923508719874312,0.210197628458498,0.4842171362998851,0.3525436695142165,0.7333928343746016,0.12694830265902962,0.34548445809245265,0.7631419817234992,97.864215939481,0.9930246138077912,0.2346997196399587,0.5159738822487827,0.38527371993507453,0.7655304707097536,0.12759786378552815,0.32447079890103553,0.7195953432800836,98.05161025668274,102472,43241,28302,19252,50
finished,5,neuronio_routing,150,-5,0.5,45,100,100,8,10000,150,1,0.3,500,0.0005,35,100,10,adam,cosine,True,traning_script_neuronio.py,0,0.9938500335900662,0.2515776550030694,0.551097298956415,0.419122160834868,0.8050951503990178,0.11916926923505382,0.3173827418615636,0.5933543645503003,96.26869906317972,0.992645095780268,0.22173403034553105,0.4965198265969654,0.3686089506566365,0.7416804794083897,0.1336201117223767,0.34043980288659986,0.7524468888409213,97.92483765098348,0.9932032798410894,0.23880773203482367,0.5231857754168512,0.3942747528404899,0.7689243027888446,0.12915875634024082,0.320904389400246,0.7118320728484956,98.09471526486766,243272,112791,63102,54002,100
finished,5,neuronio_routing,150,-5,0.5,45,75,100,8,10000,150,1,0.3,500,0.0005,35,100,10,adam,cosine,True,traning_script_neuronio.py,0,0.9938024201462056,0.2533364027010436,0.5491574585635359,0.4182013505217925,0.7963474524248005,0.1189493434686269,0.319054811999693,0.597860956699887,96.20869049867063,0.9924249413203232,0.2126966721917634,0.48525181690679586,0.3516511538951932,0.7354328700752263,0.12755020577047096,0.3432543261569254,0.7654224668621195,97.85168053803692,0.9930131619687416,0.23429541094879747,0.5139261432969833,0.3811420982735724,0.7634646598790025,0.12608823200465205,0.3211410350522262,0.718494655167746,98.05785331457248,162872,73016,43202,34127,75
