State,config.model.last_layer_override.neuron_config.mlp_num_hidden_layer,config.model.last_layer_override.neuron_config.num_memory,config.model.layer_config.input_dropout,config.model.layer_config.input_wiring_args.recurrent_connect,config.model.layer_config.neuron_config.high_pass_tau,config.model.layer_config.neuron_config.input_scale,config.model.layer_config.neuron_config.memory_tau_max,config.model.layer_config.neuron_config.memory_tau_min,config.model.layer_config.neuron_config.num_branch,config.model.layer_config.neuron_config.num_memory,config.model.layer_config.neuron_config.num_synapse_per_branch,config.model.layer_config.recurrent_dropout,config.model.num_hidden,config.model.output_embedding,config.training.batch_size,config.training.bin_size,config.training.clip_norm,config.training.digit_addition,config.training.eval_batch_size,config.training.label_smoothing,config.training.learning_rate,config.training.num_epochs,config.training.optimizer,config.training.reg_config.neuron_mlp_magnitude.layers,config.training.reg_config.neuron_mlp_magnitude.proportional,config.training.reg_config.neuron_mlp_magnitude.strength,config.training.reg_config.population_activity.layers,config.training.reg_config.population_activity.proportional,config.training.reg_config.population_activity.strength,config.training.scheduler,config.training.train_script,config.training.valid_fraction,config.training.warmup_steps,summary.eval_results.final_test_accuracy,summary.eval_results.final_test_loss,summary.eval_results.final_train_accuracy,summary.eval_results.final_train_loss,summary.eval_results.final_valid_accuracy,summary.eval_results.final_valid_loss,summary.model_cost.bytes accessed,summary.model_cost.flops,summary.model_cost.total_params,summary.model_cost.total_trainable_params,summary.model_cost.transcendentals
finished,0,3,0.2,0.25,5,10,500,1,30,2,10,0.2,155,linear_layer,8,2,1,True,8,0.01,0.005,70,adamax,[0],False,0.002,[0],False,0.2,cosine,training_script_shd_adding.py,0.2,400,0.14631250500679016,2.611761730849743,0.17506250739097595,2.3474740879949207,0.17750000953674316,2.3274765810966493,591164,279801,129636,77069,424
finished,0,3,0.2,0.25,5,10,500,1,30,3,10,0.2,130,linear_layer,8,2,1,True,8,0.01,0.005,70,adamax,[0],False,0.002,[0],False,0.2,cosine,training_script_shd_adding.py,0.2,400,0.6459375023841858,1.7192399917971344,0.8338750600814819,0.6652054071575403,0.8495000600814819,0.5738097300678492,562988,269729,122011,76864,504
finished,0,3,0.2,0.25,5,10,500,1,30,5,10,0.2,96,linear_layer,8,2,1,True,8,0.01,0.005,70,adamax,[0],False,0.002,[0],False,0.2,cosine,training_script_shd_adding.py,0.2,400,0.7390625476837158,1.4944332854519595,0.9145625233650208,0.4210178219415248,0.9190000295639038,0.3847186318207532,527484,259572,112347,77310,594
finished,0,3,0.2,0.25,5,10,500,1,30,15,10,0.2,32,linear_layer,8,2,1,True,8,0.01,0.005,70,adamax,[0],False,0.002,[0],False,0.2,cosine,training_script_shd_adding.py,0.2,400,0.7020625472068787,1.5963880702517927,0.8250625133514404,0.728862740829587,0.831250011920929,0.7447922023683786,517020,233300,93083,77246,594
finished,0,3,0.2,0.25,5,10,500,1,30,25,10,0.2,15,linear_layer,8,2,1,True,8,0.01,0.005,70,adamax,[0],False,0.002,[0],False,0.2,cosine,training_script_shd_adding.py,0.2,400,0.6743125319480896,1.7856257564648983,0.8100000619888306,0.7715555091723799,0.8250000476837158,0.8022135480344296,392716,216867,84741,74109,489
finished,0,3,0.2,0.25,5,10,500,1,30,4,10,0.2,111,linear_layer,8,2,1,True,8,0.01,0.005,70,adamax,[0],False,0.002,[0],False,0.2,cosine,training_script_shd_adding.py,0.2,400,0.7408750057220459,1.4939515488315374,0.8640625476837158,0.575396950893104,0.8917500376701355,0.487859999705106,539868,261507,116526,77025,558
finished,0,3,0.2,0.25,5,10,500,1,30,11,10,0.2,46,linear_layer,8,2,1,True,8,0.01,0.005,70,adamax,[0],False,0.002,[0],False,0.2,cosine,training_script_shd_adding.py,0.2,400,0.7928125262260437,1.3923975276462734,0.8962500691413879,0.4965716441869736,0.905250072479248,0.5542497624605894,566508,238991,96651,76588,620
finished,0,3,0.2,0.25,5,10,500,1,30,20,10,0.2,21,linear_layer,8,2,1,True,8,0.01,0.005,70,adamax,[0],False,0.002,[0],False,0.2,cosine,training_script_shd_adding.py,0.2,400,0.7418750524520874,1.269761407572776,0.81968754529953,0.7095723605304957,0.846750020980835,0.7437178660184145,419572,221703,87372,74895,534
finished,0,3,0.2,0.25,5,10,500,1,30,7,10,0.2,73,linear_layer,8,2,1,True,8,0.01,0.005,70,adamax,[0],False,0.002,[0],False,0.2,cosine,training_script_shd_adding.py,0.2,400,0.7841875553131104,1.185008812784683,0.8992500305175781,0.49724295727163553,0.915000021457672,0.42783266299590467,498144,255155,105247,77079,625
finished,0,3,0.2,0.25,5,10,500,1,30,9,10,0.2,57,linear_layer,8,2,1,True,8,0.01,0.005,70,adamax,[0],False,0.002,[0],False,0.2,cosine,training_script_shd_adding.py,0.2,400,0.8232500553131104,1.026116120987106,0.9151250720024108,0.4540782972313463,0.9175000190734864,0.4469241771250963,557292,243683,99921,76551,627
