State,config.model.input_embedding,config.model.input_embedding_args.scale,config.model.last_layer_override.neuron_config.mlp_num_hidden_layer,config.model.last_layer_override.neuron_config.num_memory,config.model.layer_config.input_wiring_args.recurrent_connect,config.model.layer_config.neuron_config.high_pass_tau,config.model.layer_config.neuron_config.input_scale,config.model.layer_config.neuron_config.memory_tau_max,config.model.layer_config.neuron_config.memory_tau_min,config.model.layer_config.neuron_config.num_branch,config.model.layer_config.neuron_config.num_memory,config.model.layer_config.neuron_config.num_synapse_per_branch,config.model.num_hidden,config.model.output_embedding,config.training.batch_size,config.training.burn_in_time,config.training.clip_norm,config.training.hidden_state_dropout,config.training.hidden_state_reuse,config.training.hidden_state_warmup_steps,config.training.label_smoothing,config.training.learning_rate,config.training.num_turns,config.training.optimizer,config.training.reg_config.neuron_mlp_magnitude.layers,config.training.reg_config.neuron_mlp_magnitude.proportional,config.training.reg_config.neuron_mlp_magnitude.strength,config.training.reg_config.population_activity.layers,config.training.reg_config.population_activity.proportional,config.training.reg_config.population_activity.strength,config.training.scheduler,config.training.seq_length,config.training.steps_per_turn,config.training.train_eval_batches,config.training.train_script,config.training.valid_batch_size,config.training.warmup_steps,summary.eval_results.final_test_bpc,summary.eval_results.final_test_loss,summary.eval_results.final_train_bpc,summary.eval_results.final_train_loss,summary.eval_results.final_valid_bpc,summary.eval_results.final_valid_loss,summary.model_cost.bytes accessed,summary.model_cost.flops,summary.model_cost.total_params,summary.model_cost.total_trainable_params,summary.model_cost.transcendentals
finished,one_hot,3,0,3,0.8,2,10,100,0.1,50,15,15,1024,linear_layer,8,0,1,0.01,True,40000,0.0001,0.0005,750,adam,[0],False,0.01,[0],False,1,cosine,100,400,200,training_script_enwik8.py,8,100,1.6555473486069217,1.1475379769703806,1.729777980137718,1.1989907299271363,1.6509989986949285,1.1443853010526823,18817804,7508097,4453720,3516748,15972
finished,one_hot,3,0,3,0.8,2,10,100,0.1,50,10,15,1500,linear_layer,8,0,1,0.01,True,40000,0.0001,0.0005,750,adam,[0],False,0.01,[0],False,1,cosine,100,400,200,training_script_enwik8.py,8,100,1.6576608213504525,1.1490029246437492,1.7349087944779875,1.2025471394210707,1.659724731554933,1.150433518182914,20433092,7826591,4808796,3515184,15612
finished,one_hot,3,0,3,0.8,2,10,100,0.1,50,20,15,742,linear_layer,8,0,1,0.01,True,40000,0.0001,0.0005,750,adam,[0],False,0.01,[0],False,1,cosine,100,400,200,training_script_enwik8.py,8,100,1.6506797718925237,1.1441640298946365,1.729543368604585,1.198828109604418,1.651077196967054,1.144439503964531,17944228,7406959,4241438,3516486,15452
finished,one_hot,3,0,3,0.8,2,10,100,0.1,50,40,15,290,linear_layer,8,0,1,0.01,True,40000,0.0001,0.0005,750,adam,[0],False,0.01,[0],False,1,cosine,100,400,200,training_script_enwik8.py,8,100,1.6558353551997975,1.147737607928215,1.744913100729811,1.2094815960929803,1.6628704935258385,1.1526139942237597,16223244,7228019,3891586,3508874,12212
finished,one_hot,3,0,3,0.8,2,10,100,0.1,50,5,15,2398,linear_layer,8,0,1,0.01,True,40000,0.0001,0.0005,750,adam,[0],False,0.01,[0],False,1,cosine,100,400,200,training_script_enwik8.py,8,100,1.679252653073638,1.1639692419258,1.7544263815837244,1.2160756998947453,1.682716264125772,1.1663700341611432,23437700,8267455,5480444,3516342,12602
finished,one_hot,3,0,3,0.8,2,10,100,0.1,50,70,15,118,linear_layer,8,0,1,0.01,True,40000,0.0001,0.0005,750,adam,[0],False,0.01,[0],False,1,cosine,100,400,200,training_script_enwik8.py,8,100,1.6938730175377612,1.174103306332866,1.7824458655173083,1.2354973261840538,1.6929636682224185,1.173472993418792,15417484,7126751,3739514,3489142,8872
finished,one_hot,3,0,3,0.8,2,10,100,0.1,50,35,15,353,linear_layer,8,0,1,0.01,True,40000,0.0001,0.0005,750,adam,[0],False,0.01,[0],False,1,cosine,100,400,200,training_script_enwik8.py,8,100,1.651048288408805,1.1444194660788864,1.7382250986880046,1.204845826334123,1.6567505823532367,1.1483719950491935,16376364,7257971,3939124,3508407,12967
finished,one_hot,3,0,3,0.8,2,10,100,0.1,50,25,15,561,linear_layer,8,0,1,0.01,True,40000,0.0001,0.0005,750,adam,[0],False,0.01,[0],False,1,cosine,100,400,200,training_script_enwik8.py,8,100,1.6505510455029764,1.144074803560658,1.7334644181293632,1.2015459740273542,1.654449398462975,1.1467769359237083,17264544,7396728,4099482,3511095,14637
finished,one_hot,3,0,3,0.8,2,10,100,0.1,50,45,15,243,linear_layer,8,0,1,0.01,True,40000,0.0001,0.0005,750,adam,[0],False,0.01,[0],False,1,cosine,100,400,200,training_script_enwik8.py,8,100,1.6642890212208166,1.15359724269608,1.7505601030568358,1.213395799834573,1.6662730824329706,1.1549724891313429,16067340,7232187,3863514,3516717,11547
finished,one_hot,3,0,3,0.8,2,10,100,0.1,50,85,15,85,linear_layer,8,0,1,0.01,True,40000,0.0001,0.0005,750,adam,[0],False,0.01,[0],False,1,cosine,100,400,200,training_script_enwik8.py,8,100,1.7113669475951174,1.1862291746290352,1.802025812026872,1.2490691109026724,1.7132248862374466,1.1875169995606192,15305132,7142801,3725006,3500419,7837
finished,one_hot,3,0,3,0.8,2,10,100,0.1,50,30,15,440,linear_layer,8,0,1,0.01,True,40000,0.0001,0.0005,750,adam,[0],False,0.01,[0],False,1,cosine,100,400,200,training_script_enwik8.py,8,100,1.6502442343573405,1.1438621382800962,1.735627304218054,1.2030451724216027,1.6541410370139926,1.146563196054753,16832684,7348449,4012736,3515924,13812
finished,one_hot,3,0,3,0.8,2,10,100,0.1,50,60,15,153,linear_layer,8,0,1,0.01,True,40000,0.0001,0.0005,750,adam,[0],False,0.01,[0],False,1,cosine,100,400,200,training_script_enwik8.py,8,100,1.6905813962556169,1.1718217283216763,1.7655550349513864,1.2237894945999692,1.6780337263055056,1.1631243462731602,15622956,7180131,3779049,3501507,9792
finished,one_hot,3,0,3,0.8,2,10,100,0.1,50,100,15,64,linear_layer,8,0,1,0.01,True,40000,0.0001,0.0005,750,adam,[0],False,0.01,[0],False,1,cosine,100,400,200,training_script_enwik8.py,8,100,1.7502644348320555,1.2131908582381854,1.823343764478191,1.2638455895396148,1.7298052861283113,1.1990096569975284,15207188,7136195,3710360,3502348,7012
finished,one_hot,3,0,3,0.8,2,10,100,0.1,50,50,15,206,linear_layer,8,0,1,0.01,True,40000,0.0001,0.0005,750,adam,[0],False,0.01,[0],False,1,cosine,100,400,200,training_script_enwik8.py,8,100,1.6790134262772378,1.163803422546361,1.757472592370327,1.21818717231287,1.6762572903815949,1.161893014721056,15903468,7208331,3833002,3514590,10912
